{"episode_count": 1117, "episode_rewards": [372.066026, 189.203776, 265.552583, 332.911008, 422.460782, 478.689703, 322.159971, 162.932992, 498.358697, -340.292132, 358.647612, 159.254013, 485.673035, 435.976395, 329.443199, 259.717102, 20.175426, 447.232549, 198.571803, 309.996161, 492.092013, 480.927441, 263.858577, 368.237169, 318.243803, 386.883317, 167.087219, 585.921094, 629.160888, 374.277272, -153.4642, 380.631989, 170.867637, 280.958031, 567.857234, 293.615215, 163.240013, 381.155675, 273.546138, 348.057096, 350.887697, 239.505423, 301.414617, 542.798819, 432.233412, 422.16626, 387.659006, 402.525686, 177.081195, 364.23585, 216.746937, 245.562335, 371.988142, 230.274188, -157.417654, 287.222089, 267.807893, 280.083501, 137.181364, 567.423323, 437.997035, 203.971064, 435.354534, 261.190856, -506.830842, 235.883048, 499.720004, 473.243379, 201.878893, 365.347924, 229.893963, 127.884142, 434.986409, 285.321997, 394.73202, 387.498192, 380.602464, 209.892545, 287.302333, 272.466917, 481.978736, 199.655107, 312.976759, 13.079755, 222.007293, 441.374562, 534.188921, 256.829504, 311.840982, 159.831961, 442.15937, -451.540741, 328.198106, 246.601299, -328.68388, 275.974536, 444.599655, 307.037037, 124.968456, 90.568112, 433.381059, 220.094062, 226.546343, 230.992797, 280.651983, 124.441856, 604.471879, 242.305067, 197.971166, 300.155054, 396.974343, 442.452147, 488.160562, 150.096248, 206.817332, 320.456787, 289.133681, 381.685097, 396.321227, 379.157124, 539.43248, 107.628512, 273.25289, 476.423378, 302.166583, 208.423766, 320.95623, 345.258345, 299.627763, 146.110168, 309.850629, 354.938825, -554.986175, 149.775067, 185.524646, 386.621971, 411.919867, 137.541095, 274.399368, 555.096886, 206.237052, 407.008944, 233.434661, 289.122933, 480.246077, 316.354758, 183.682693, 242.619444, 331.724208, 240.03561, 455.538772, 269.830563, 291.674228, 244.938115, 421.876021, 457.66651, 340.516687, 296.096531, 402.652681, 198.727084, 242.733053, 266.655336, 335.826059, 320.527399, 346.737364, 213.950501, 333.333032, -406.92846, 407.104299, 201.330722, 427.209267, 247.625586, 369.002013, 261.144847, 221.739353, 270.514296, 370.083852, 211.701287, 385.565774, 264.5298, 173.48229, 474.281472, 231.867423, 309.278686, 201.442887, 278.83077, 234.453745, 483.654577, 264.792139, 431.954351, 325.701892, 301.979795, 224.622276, 465.768159, 428.521073, 287.189397, 336.632511, 357.092644, 36.858571, 315.381124, 281.280999, 178.636341, 293.805544, 322.326089, 540.431405, 525.90858, 306.054214, 299.022004, 493.546185, 177.951569, 85.225471, 44.464063, 446.905267, 353.77451, 166.335089, 311.2156, 207.643923, 315.034964, 317.619373, 236.642584, 257.808051, 240.997222, 344.514948, 259.804059, 367.369533, 177.219961, 548.998369, -366.703228, 498.40778, 240.466965, 240.458111, 371.891423, 342.702441, 467.09238, 460.216487, 304.613116, 150.955872, 310.701551, 221.076798, 346.978701, 267.558546, 414.089411, 458.669895, 388.443481, 151.153622, 250.56572, 184.888418, 467.166661, 182.45944, 485.847467, -409.843121, 263.078902, 378.531236, -185.957973, -1040.615166, 580.237501, 101.942406, 301.740048, 134.276143, 109.555186, -636.0, 252.347162, 340.53819, -693.8, -656.6, -497.417323, 438.441653, -595.0, -110.479038, 369.351015, 419.636807, 272.913483, 276.074697, 209.517846, 203.225831, 342.856563, 423.772891, 485.722176, 497.387471, 324.156302, 659.904756, 310.920978, 252.04646, 439.899393, 305.718801, 634.63578, 317.868119, -1230.19218, 483.858375, 394.925492, 396.29629, 306.65653, 328.306921, 291.587253, 138.579175, 540.517252, 136.439125, 208.979323, -663.135416, 260.479861, 216.860563, 421.251382, 273.317841, 418.762373, 277.018206, 237.376467, 416.307274, 431.834954, 410.627557, 272.412604, 85.624177, 392.161383, 307.992473, 376.995987, 540.153211, 417.464215, 341.413044, 341.961041, 374.914067, 271.775198, 239.862495, 252.134501, 159.977134, 148.102704, 249.862882, 362.489303, 282.585019, 442.47484, 333.348618, 258.628385, 253.400943, 389.626583, 403.895759, -427.035767, 233.513454, 150.538509, 331.593208, 233.049936, 323.200455, 321.900622, 271.966264, 281.946929, 534.393243, 347.565261, 186.380678, 166.780735, 262.764535, -60.382965, -467.169199, 380.376725, 347.964899, 199.841594, 252.740749, 222.306389, 110.176114, 182.164002, 105.179788, 471.285883, 175.798484, 128.20448, 412.620495, 406.395073, 351.488943, -294.640791, 316.691299, 198.927717, 281.887881, 346.177008, 460.861806, 166.227157, 316.558604, 268.088845, 140.328394, 159.612037, 342.330337, 308.363422, 365.483089, 400.264232, 246.943448, 339.425206, 327.527204, 413.954554, 272.326731, 420.86829, -492.525171, 140.734066, 454.131315, -416.929197, 389.559154, 193.898821, 360.09343, 153.172539, 149.945486, 437.880663, 464.942675, 4.102842, 437.408798, 391.253288, 501.267649, 237.322167, 452.135421, 159.479109, 206.931858, 475.65461, 323.157389, 224.963666, 170.597284, 393.113006, 263.655533, 181.387327, 291.562928, 238.007231, 429.799193, 318.416413, 209.829729, 190.64362, 496.990798, 400.721394, 240.025078, 324.13613, 205.993347, -1582.544932, -394.540402, 343.473439, 327.825809, -1379.88885, -229.741986, -170.619955, 182.313353, 189.287997, 261.923486, 287.989735, 324.075292, -68.179444, 227.773597, -5.142803, 402.977557, 199.606679, 260.568015, 333.754308, 347.960718, 467.901419, 189.165108, -580.21369, 233.146109, 321.712076, 119.173215, 128.811916, 352.788918, 454.623235, 334.558334, 143.936875, 189.976834, 130.487162, 297.31297, 321.551224, 303.732834, 224.992053, 361.447155, 338.828235, -382.197861, -431.096591, -476.189163, 403.42503, 272.195235, 186.277303, 302.965105, 428.742829, 151.052973, 182.594425, 257.743398, 232.89988, 323.839808, -811.106243, -1113.573396, -949.765598, -428.375047, 263.414419, 157.343438, 249.420031, 469.156603, -1293.253186, 462.079959, 393.064939, 482.681582, 326.243312, 329.355129, 425.24804, 344.145717, 289.867419, 224.946008, 376.623934, 239.904427, 242.990944, 212.893933, -739.253824, 386.864348, 327.354222, -785.472148, 269.748695, 218.670157, 180.477157, 484.595177, 386.049806, 193.072127, 217.241383, 244.458013, 399.110746, -689.0, -677.0, 391.70991, -48.347306, 276.427866, 315.654189, 368.916673, 303.53939, 335.215882, 246.849703, 240.763613, 410.597153, 256.275504, 238.619013, 259.392079, 258.540319, -611.802635, -922.110011, 148.868955, -1032.273947, 175.894161, 293.498082, -431.028378, 297.571837, 255.21191, -485.498803, -1073.14881, 255.189441, 292.885567, 442.80645, 327.702208, 468.3058, 252.878257, 212.511946, 329.230143, 414.518865, 342.525606, -400.355896, 434.170508, 408.206525, 499.015614, 337.735666, 248.944468, 121.991024, 381.43244, 199.504897, 286.892181, 104.885412, 314.724596, 245.821666, 429.873987, 227.915968, 345.221726, 490.759181, 213.3674, 205.761863, 177.779311, 101.24265, 238.140553, 561.165304, -284.274007, 303.999207, 375.072169, 352.800618, 361.201471, 366.308793, 405.583534, 317.548022, 375.382524, 359.201633, 385.280977, 224.414605, 432.962407, 375.347564, 341.909687, 250.37916, 290.122981, 223.526978, 190.561209, 279.971636, 379.443241, 561.394373, 392.17293, 151.749613, 166.24965, 158.132079, -490.341629, -42.418528, 332.454128, 265.785572, -668.631801, 367.879672, -769.805679, -69.313642, 309.090772, 258.262062, 349.385284, 225.124041, 362.358511, 272.294285, 309.018627, 113.776452, 392.547189, 297.164226, 164.945606, 311.103195, 158.321315, 191.297264, 231.460411, 264.113335, 331.730188, 252.029066, 368.038351, 83.423957, 240.611398, 139.569343, -532.72027, 437.310213, 199.890834, 204.753985, 353.394568, 111.724961, 353.145002, 258.228395, 215.896299, 375.440871, 241.725225, 223.972256, 275.844376, 264.573725, -34.92737, 243.52655, 229.380951, 179.842466, 343.414493, 216.196924, 369.725161, 564.903659, 271.273207, 168.234648, 411.172718, 279.136353, -671.311313, 323.550992, 394.938129, 576.371132, 287.911693, 439.509322, 440.122406, 353.836904, 294.333283, 153.243591, 352.251806, 381.465468, 179.5262, 379.569878, 345.141208, -369.94841, 